{"id":"e622901f-36ca-4816-a740-9337fcda1342","name":"Interview","key":"Interviewprocess","description":"interview process","editorJson":{"resourceId":"e622901f-36ca-4816-a740-9337fcda1342","properties":{"process_id":"Interviewprocess","name":"Interview","documentation":"interview process","process_author":"","process_version":"","process_namespace":"http://www.activiti.org/processdef","executionlisteners":"","eventlisteners":"","signaldefinitions":"","messagedefinitions":""},"stencil":{"id":"BPMNDiagram"},"childShapes":[{"resourceId":"startEvent1","properties":{"overrideid":"","name":"","documentation":"","executionlisteners":"","initiator":"","formkeydefinition":"","formreference":"","formproperties":""},"stencil":{"id":"StartNoneEvent"},"childShapes":[],"outgoing":[{"resourceId":"sid-2661C1C2-CA0B-46B6-91C3-89B35CB02815"}],"bounds":{"lowerRight":{"x":130,"y":193},"upperLeft":{"x":100,"y":163}},"dockers":[]},{"resourceId":"sid-7C5ED4ED-66E3-4977-81DE-9AE5BED001FB","properties":{"overrideid":"","name":"Collect Information","documentation":"","asynchronousdefinition":"false","exclusivedefinition":"false","executionlisteners":"","multiinstance_type":"None","multiinstance_cardinality":"","multiinstance_collection":"","multiinstance_variable":"","multiinstance_condition":"","isforcompensation":"false","usertaskassignment":"","formkeydefinition":"interviewskill","formreference":"","duedatedefinition":"","prioritydefinition":"","formproperties":"","tasklisteners":""},"stencil":{"id":"UserTask"},"childShapes":[],"outgoing":[{"resourceId":"sid-03742957-21BF-4A93-9DB8-77CB1B04DEC6"},{"resourceId":"sid-62432A4D-034A-4636-B09F-44C96C83348D"}],"bounds":{"lowerRight":{"x":357,"y":222},"upperLeft":{"x":257,"y":142}},"dockers":[]},{"resourceId":"sid-2661C1C2-CA0B-46B6-91C3-89B35CB02815","properties":{"overrideid":"","name":"","documentation":"","conditionsequenceflow":"","executionlisteners":"","defaultflow":"false"},"stencil":{"id":"SequenceFlow"},"childShapes":[],"outgoing":[{"resourceId":"sid-7C5ED4ED-66E3-4977-81DE-9AE5BED001FB"}],"bounds":{"lowerRight":{"x":256.5002169432719,"y":180.94792118631815},"upperLeft":{"x":130.24978305672812,"y":178.31770381368185}},"dockers":[{"x":15,"y":15},{"x":50,"y":40}],"target":{"resourceId":"sid-7C5ED4ED-66E3-4977-81DE-9AE5BED001FB"}},{"resourceId":"sid-BF782CF4-12D6-4AAA-9F73-45986845BF05","properties":{"overrideid":"","name":"mail details hr","documentation":"","asynchronousdefinition":"false","exclusivedefinition":"false","executionlisteners":"","multiinstance_type":"None","multiinstance_cardinality":"","multiinstance_collection":"","multiinstance_variable":"","multiinstance_condition":"","isforcompensation":"false","mailtaskto":"","mailtaskfrom":"murshid.hassen@gmail.com","mailtasksubject":"","mailtaskcc":"","mailtaskbcc":"","mailtasktext":"","mailtaskhtml":"","mailtaskcharset":""},"stencil":{"id":"MailTask"},"childShapes":[],"outgoing":[{"resourceId":"sid-7021425D-76C5-453D-BD99-16F8789E067B"},{"resourceId":"sid-56DB844B-D7C2-4F43-A394-6B75FB55EE5A"}],"bounds":{"lowerRight":{"x":790,"y":222},"upperLeft":{"x":690,"y":142}},"dockers":[]},{"resourceId":"sid-DBC16CCE-084C-4657-A29E-95DC8D751F01","properties":{"overrideid":"","name":"send back response for form","documentation":"","asynchronousdefinition":"false","exclusivedefinition":"false","executionlisteners":"","multiinstance_type":"None","multiinstance_cardinality":"","multiinstance_collection":"","multiinstance_variable":"","multiinstance_condition":"","isforcompensation":"false","servicetaskclass":"","servicetaskexpression":"","servicetaskdelegateexpression":"","servicetaskfields":"","servicetaskresultvariable":""},"stencil":{"id":"ServiceTask"},"childShapes":[],"outgoing":[{"resourceId":"sid-369BA712-CC8F-4D95-80EA-00CC4CF3CAF6"}],"bounds":{"lowerRight":{"x":557,"y":342},"upperLeft":{"x":457,"y":262}},"dockers":[]},{"resourceId":"sid-03742957-21BF-4A93-9DB8-77CB1B04DEC6","properties":{"overrideid":"","name":"","documentation":"","conditionsequenceflow":"","executionlisteners":"","defaultflow":"false"},"stencil":{"id":"SequenceFlow"},"childShapes":[],"outgoing":[{"resourceId":"sid-DBC16CCE-084C-4657-A29E-95DC8D751F01"}],"bounds":{"lowerRight":{"x":456.92375707428744,"y":271.9542542445725},"upperLeft":{"x":357.85749292571256,"y":212.51449575542753}},"dockers":[{"x":50,"y":40},{"x":50,"y":40}],"target":{"resourceId":"sid-DBC16CCE-084C-4657-A29E-95DC8D751F01"}},{"resourceId":"sid-9C223444-795A-4A46-89D6-E6DDE3546EFA","properties":{"overrideid":"","name":"","documentation":"","executionlisteners":""},"stencil":{"id":"EndNoneEvent"},"childShapes":[],"outgoing":[],"bounds":{"lowerRight":{"x":703,"y":316},"upperLeft":{"x":675,"y":288}},"dockers":[]},{"resourceId":"sid-369BA712-CC8F-4D95-80EA-00CC4CF3CAF6","properties":{"overrideid":"","name":"","documentation":"","conditionsequenceflow":"","executionlisteners":"","defaultflow":"false"},"stencil":{"id":"SequenceFlow"},"childShapes":[],"outgoing":[{"resourceId":"sid-9C223444-795A-4A46-89D6-E6DDE3546EFA"}],"bounds":{"lowerRight":{"x":674.4921875,"y":302},"upperLeft":{"x":557.765625,"y":302}},"dockers":[{"x":50,"y":40},{"x":14,"y":14}],"target":{"resourceId":"sid-9C223444-795A-4A46-89D6-E6DDE3546EFA"}},{"resourceId":"sid-1C52BB5D-1591-42F1-A0F8-9A7D30DC0E2D","properties":{"overrideid":"","name":"Shortlist by key candidate skills","documentation":"","asynchronousdefinition":true,"exclusivedefinition":"false","executionlisteners":"","multiinstance_type":"None","multiinstance_cardinality":"","multiinstance_collection":"","multiinstance_variable":"","multiinstance_condition":"","isforcompensation":"false","decisiontaskdecisiontablereference":{"id":"e2b822dc-bf20-4700-bd06-0bb797107422","name":"interviewskills","key":"interviewskills"}},"stencil":{"id":"DecisionTask"},"childShapes":[],"outgoing":[{"resourceId":"sid-2455BF2E-DFEE-41CD-9F29-E49060303E76"}],"bounds":{"lowerRight":{"x":565,"y":218},"upperLeft":{"x":465,"y":138}},"dockers":[]},{"resourceId":"sid-7021425D-76C5-453D-BD99-16F8789E067B","properties":{"overrideid":"","name":"","documentation":"","conditionsequenceflow":"","executionlisteners":"","defaultflow":"false"},"stencil":{"id":"SequenceFlow"},"childShapes":[],"outgoing":[{"resourceId":"sid-BF782CF4-12D6-4AAA-9F73-45986845BF05"}],"bounds":{"lowerRight":{"x":740,"y":182},"upperLeft":{"x":740,"y":182}},"dockers":[{"x":50,"y":40},{"x":50,"y":40}],"target":{"resourceId":"sid-BF782CF4-12D6-4AAA-9F73-45986845BF05"}},{"resourceId":"sid-62432A4D-034A-4636-B09F-44C96C83348D","properties":{"overrideid":"","name":"","documentation":"","conditionsequenceflow":"","executionlisteners":"","defaultflow":"false"},"stencil":{"id":"SequenceFlow"},"childShapes":[],"outgoing":[{"resourceId":"sid-1C52BB5D-1591-42F1-A0F8-9A7D30DC0E2D"}],"bounds":{"lowerRight":{"x":464.43768485997015,"y":181.02764778576866},"upperLeft":{"x":357.56231514002985,"y":178.97235221423134}},"dockers":[{"x":50,"y":40},{"x":50,"y":40}],"target":{"resourceId":"sid-1C52BB5D-1591-42F1-A0F8-9A7D30DC0E2D"}},{"resourceId":"sid-2455BF2E-DFEE-41CD-9F29-E49060303E76","properties":{"overrideid":"","name":"","documentation":"","conditionsequenceflow":"","executionlisteners":"","defaultflow":"false"},"stencil":{"id":"SequenceFlow"},"childShapes":[],"outgoing":[{"resourceId":"sid-BF782CF4-12D6-4AAA-9F73-45986845BF05"}],"bounds":{"lowerRight":{"x":689.78125,"y":182},"upperLeft":{"x":565.21875,"y":178}},"dockers":[{"x":50,"y":40},{"x":627.5,"y":178},{"x":627.5,"y":182},{"x":50,"y":40}],"target":{"resourceId":"sid-BF782CF4-12D6-4AAA-9F73-45986845BF05"}},{"resourceId":"sid-C5FEB6E8-0634-480F-8DA1-0BA9942ADD5B","properties":{"overrideid":"","name":"Call the person for interview","documentation":"","asynchronousdefinition":"false","exclusivedefinition":"false","executionlisteners":"","multiinstance_type":"None","multiinstance_cardinality":"","multiinstance_collection":"","multiinstance_variable":"","multiinstance_condition":"","isforcompensation":"false","usertaskassignment":"","formkeydefinition":"","formreference":"","duedatedefinition":"","prioritydefinition":"","formproperties":"","tasklisteners":""},"stencil":{"id":"UserTask"},"childShapes":[],"outgoing":[{"resourceId":"sid-117B2EE6-CEFA-42CA-8747-A0CD98C35810"}],"bounds":{"lowerRight":{"x":1000,"y":222},"upperLeft":{"x":900,"y":142}},"dockers":[]},{"resourceId":"sid-56DB844B-D7C2-4F43-A394-6B75FB55EE5A","properties":{"overrideid":"","name":"","documentation":"","conditionsequenceflow":"","executionlisteners":"","defaultflow":"false"},"stencil":{"id":"SequenceFlow"},"childShapes":[],"outgoing":[{"resourceId":"sid-C5FEB6E8-0634-480F-8DA1-0BA9942ADD5B"}],"bounds":{"lowerRight":{"x":899.78125,"y":182},"upperLeft":{"x":790.21875,"y":182}},"dockers":[{"x":50,"y":40},{"x":50,"y":40}],"target":{"resourceId":"sid-C5FEB6E8-0634-480F-8DA1-0BA9942ADD5B"}},{"resourceId":"sid-AD473413-25BE-40D6-8553-94CB19EB69A1","properties":{"overrideid":"","name":"","documentation":"","executionlisteners":""},"stencil":{"id":"EndNoneEvent"},"childShapes":[],"outgoing":[],"bounds":{"lowerRight":{"x":1175,"y":201},"upperLeft":{"x":1147,"y":173}},"dockers":[]},{"resourceId":"sid-117B2EE6-CEFA-42CA-8747-A0CD98C35810","properties":{"overrideid":"","name":"","documentation":"","conditionsequenceflow":"","executionlisteners":"","defaultflow":"false"},"stencil":{"id":"SequenceFlow"},"childShapes":[],"outgoing":[{"resourceId":"sid-AD473413-25BE-40D6-8553-94CB19EB69A1"}],"bounds":{"lowerRight":{"x":1146.8127806481905,"y":186.6638099679666},"upperLeft":{"x":1000.4528443518094,"y":183.1955650320334}},"dockers":[{"x":50,"y":40},{"x":14,"y":14}],"target":{"resourceId":"sid-AD473413-25BE-40D6-8553-94CB19EB69A1"}}],"bounds":{"lowerRight":{"x":1275,"y":1050},"upperLeft":{"x":0,"y":0}},"stencilset":{"url":"stencilsets/bpmn2.0/bpmn2.0.json","namespace":"http://b3mn.org/stencilset/bpmn2.0#"},"ssextensions":[]}}