{"id":"e2b822dc-bf20-4700-bd06-0bb797107422","name":"interviewskills","key":"interviewskills","description":"interview skill sets","editorJson":{"id":"e2b822dc-bf20-4700-bd06-0bb797107422","name":"interviewskills","key":"interviewskills","description":"interview skill sets","hitIndicator":"FIRST","inputExpressions":[{"id":"3","variableId":"edatacvcsv","variableType":null,"type":null,"label":"extractor data from cv","entries":null,"newVariable":false}],"outputExpressions":[{"id":"4","variableId":"edatacsv","variableType":null,"type":"string","label":"extractordatacsv","entries":null,"newVariable":false}],"rules":[{"3":"alfresco","4":"okay"}]}}